Vila_Sacra_S01,05/04/2024,11/05/2024,07/06/2024,05/07/2024,02/08/2024,06/09/2024,30/10/2024,01/11/2024
Vila_Sacra_S02,05/04/2024,11/05/2024,07/06/2024,05/07/2024,02/08/2024,06/09/2024,30/10/2024,01/11/2024
Vila_Sacra_S03,05/04/2024,11/05/2024,07/06/2024,05/07/2024,02/08/2024,06/09/2024,30/10/2024,01/11/2024
Vila_Sacra_S04,05/04/2024,11/05/2024,07/06/2024,05/07/2024,02/08/2024,06/09/2024,30/10/2024,01/11/2024
Vila_Sacra_S05,05/04/2024,11/05/2024,07/06/2024,05/07/2024,02/08/2024,06/09/2024,30/10/2024,01/11/2024
Vila_Sacra_S06,05/04/2024,11/05/2024,07/06/2024,05/07/2024,02/08/2024,06/09/2024,30/10/2024,01/11/2024
Gallinera_S01,06/04/2024,04/05/2024,01/06/2024,06/07/2024,03/08/2024,06/09/2024,28/10/2024,02/11/2024
Gallinera_S02,06/04/2024,04/05/2024,01/06/2024,06/07/2024,03/08/2024,06/09/2024,28/10/2024,02/11/2024
Gallinera_S03,06/04/2024,04/05/2024,01/06/2024,06/07/2024,03/08/2024,06/09/2024,28/10/2024,02/11/2024
Gallinera_S04,06/04/2024,04/05/2024,01/06/2024,06/07/2024,03/08/2024,06/09/2024,28/10/2024,02/11/2024
Gallinera_S05,06/04/2024,04/05/2024,01/06/2024,06/07/2024,03/08/2024,06/09/2024,28/10/2024,02/11/2024
Gallinera_S06,06/04/2024,04/05/2024,01/06/2024,06/07/2024,03/08/2024,06/09/2024,28/10/2024,02/11/2024
Fluvia_S01,07/04/2024,05/05/2024,02/06/2024,07/07/2024,03/08/2024,08/09/2024,29/10/2024,03/11/2024
Fluvia_S02,07/04/2024,05/05/2024,02/06/2024,07/07/2024,03/08/2024,08/09/2024,29/10/2024,03/11/2024
Fluvia_S03,07/04/2024,05/05/2024,02/06/2024,07/07/2024,03/08/2024,08/09/2024,29/10/2024,03/11/2024
Fluvia_S04,07/04/2024,05/05/2024,02/06/2024,07/07/2024,03/08/2024,08/09/2024,29/10/2024,03/11/2024
Fluvia_S05,07/04/2024,05/05/2024,02/06/2024,07/07/2024,03/08/2024,08/09/2024,29/10/2024,03/11/2024
Fluvia_S06,07/04/2024,05/05/2024,02/06/2024,07/07/2024,03/08/2024,08/09/2024,29/10/2024,03/11/2024
Cortalet_S01,13/04/2024,11/05/2024,08/06/2024,13/07/2024,10/08/2024,31/08/2024,19/10/2024,09/11/2024
Cortalet_S02,13/04/2024,11/05/2024,08/06/2024,13/07/2024,10/08/2024,31/08/2024,19/10/2024,09/11/2024
Cortalet_S03,13/04/2024,11/05/2024,08/06/2024,13/07/2024,10/08/2024,31/08/2024,19/10/2024,09/11/2024
Cortalet_S04,13/04/2024,11/05/2024,08/06/2024,13/07/2024,10/08/2024,31/08/2024,19/10/2024,09/11/2024
Cortalet_S05,13/04/2024,11/05/2024,08/06/2024,13/07/2024,10/08/2024,31/08/2024,19/10/2024,09/11/2024
Cortalet_S06,13/04/2024,11/05/2024,08/06/2024,13/07/2024,10/08/2024,31/08/2024,19/10/2024,09/11/2024
Muga_S01,14/04/2024,12/05/2024,09/06/2024,14/07/2024,11/08/2024,01/09/2024,13/10/2024,10/11/2024
Muga_S02,14/04/2024,12/05/2024,09/06/2024,14/07/2024,11/08/2024,01/09/2024,13/10/2024,10/11/2024
Muga_S03,14/04/2024,12/05/2024,09/06/2024,14/07/2024,11/08/2024,01/09/2024,13/10/2024,10/11/2024
Muga_S04,14/04/2024,12/05/2024,09/06/2024,14/07/2024,11/08/2024,01/09/2024,13/10/2024,10/11/2024
Muga_S05,14/04/2024,12/05/2024,09/06/2024,14/07/2024,11/08/2024,01/09/2024,13/10/2024,10/11/2024
Muga_S06,14/04/2024,12/05/2024,09/06/2024,14/07/2024,11/08/2024,01/09/2024,13/10/2024,10/11/2024
